Y,M,D,CO2
1958,3,29,316.19
1958,4,5,317.31
1958,4,12,317.69
1958,4,19,317.58
1958,4,26,316.48
1958,5,3,316.95
1958,5,17,317.56
1958,5,24,317.99
1958,7,5,315.85
1958,7,12,315.85
1958,7,19,315.46
1958,7,26,315.59
1958,8,2,315.64
1958,8,9,315.1
1958,8,16,315.09
1958,8,30,314.14
1958,9,6,313.54
1958,11,8,313.05
1958,11,15,313.26
1958,11,22,313.57
1958,11,29,314.01
1958,12,6,314.56
1958,12,13,314.41
1958,12,20,314.77
1958,12,27,315.21
1959,1,3,315.24
1959,1,10,315.5
1959,1,17,315.69
1959,1,24,315.86
1959,1,31,315.42
1959,2,14,316.94
1959,2,21,316.61
1959,2,28,316.62
1959,3,7,316.81
1959,3,21,316.73
1959,3,28,316.71
1959,4,4,317.72
1959,4,11,317.12
1959,4,18,317.64
1959,4,25,318.32
1959,5,2,318.27
1959,5,9,318.78
1959,5,16,318.05
1959,5,23,318.43
1959,6,6,318.53
1959,6,13,318.14
1959,6,20,317.88
1959,6,27,317.76
1959,7,4,316.86
1959,7,11,316.83
1959,7,18,316.45
1959,7,25,316.16
1959,8,1,315.62
1959,8,8,314.91
1959,8,22,315
1959,8,29,314.15
1959,9,5,314.45
1959,9,12,313.93
1959,9,19,313.57
1959,9,26,313.54
1959,10,3,313.04
1959,10,10,313.15
1959,10,17,313.43
1959,10,24,313.46
1959,10,31,314.12
1959,11,7,314.42
1959,11,14,314.88
1959,11,21,315.2
1959,11,28,315.11
1959,12,5,315.06
1959,12,12,315.64
1959,12,19,315.86
1959,12,26,315.77
1960,1,2,315.72
1960,1,9,316.4
1960,1,16,316.73
1960,1,23,316.57
1960,1,30,316.68
1960,2,6,316.61
1960,2,13,316.98
1960,2,20,317.42
1960,2,27,317
1960,3,5,316.96
1960,3,12,317.76
1960,3,19,318.07
1960,3,26,317.77
1960,4,2,318.61
1960,4,9,319.34
1960,4,16,319.01
1960,4,23,319.03
1960,4,30,319.77
1960,5,7,319.96
1960,5,14,319.82
1960,5,21,320.04
1960,5,28,320.06
1960,6,4,319.46
1960,6,11,320.08
1960,6,18,319.42
1960,6,25,319.09
1960,7,2,318.18
1960,7,9,318.64
1960,7,16,318.41
1960,7,23,317.91
1960,7,30,317.33
1960,8,6,316.62
1960,8,13,316.7
1960,8,20,315.1
1960,8,27,314.78
1960,9,3,314.72
1960,9,10,314.58
1960,9,17,314.28
1960,9,24,313.33
1960,10,1,313.66
1960,10,8,313.32
1960,10,15,313.92
1960,10,22,314.21
1960,10,29,314.29
1960,11,5,314.5
1960,11,12,315.1
1960,11,19,315.1
1960,11,26,315.41
1960,12,3,315.84
1960,12,10,316.07
1960,12,17,316.21
1960,12,24,316.4
1960,12,31,316.67
1961,1,7,316.73
1961,1,14,317.02
1961,1,21,317.03
1961,1,28,317.01
1961,2,4,317.06
1961,2,11,317.75
1961,2,18,317.94
1961,2,25,318
1961,3,4,318.04
1961,3,11,318.51
1961,3,18,318.92
1961,3,25,318.71
1961,4,1,319.41
1961,4,8,319.55
1961,4,15,318.9
1961,4,22,319.74
1961,4,29,319.67
1961,5,6,320.67
1961,5,13,320.46
1961,5,20,320.61
1961,5,27,320.36
1961,6,3,320.09
1961,6,10,320.02
1961,6,17,319.62
1961,6,24,319.49
1961,7,1,319.26
1961,7,8,319.07
1961,7,15,318.49
1961,7,22,317.16
1961,7,29,317.97
1961,8,5,317.91
1961,8,12,317.33
1961,8,19,316.76
1961,8,26,315.26
1961,9,2,315.28
1961,9,9,314.97
1961,9,16,314.53
1961,9,23,315.06
1961,9,30,315.61
1961,10,7,314.97
1961,10,14,315.43
1961,10,21,315.48
1961,10,28,315.72
1961,11,4,315.82
1961,11,11,315.7
1961,11,18,316.21
1961,11,25,316.55
1961,12,2,316.52
1961,12,9,317.02
1961,12,16,316.94
1961,12,23,317.18
1961,12,30,317.46
1962,1,6,317.99
1962,1,13,318.12
1962,1,20,318.07
1962,1,27,317.78
1962,2,3,318.08
1962,2,10,318.35
1962,2,17,318.92
1962,2,24,319.38
1962,3,3,319.28
1962,3,10,319.46
1962,3,17,319.95
1962,3,24,319.78
1962,3,31,320.27
1962,4,7,320.26
1962,4,14,321.03
1962,4,21,320.78
1962,4,28,320.36
1962,5,5,320.89
1962,5,12,320.78
1962,5,19,321.05
1962,5,26,321.16
1962,6,2,320.91
1962,6,9,320.87
1962,6,16,320.52
1962,6,23,320.15
1962,6,30,320.23
1962,7,7,320.1
1962,7,14,319.95
1962,7,21,319.01
1962,7,28,318.75
1962,8,4,318.68
1962,8,11,317.24
1962,8,18,317.48
1962,9,15,316.65
1962,9,22,315.72
1962,9,29,315.92
1962,10,6,315.1
1962,10,13,315.4
1962,10,20,315.72
1962,10,27,315.78
1962,11,3,315.94
1962,11,10,316.49
1962,11,17,316.92
1962,11,24,317.08
1962,12,1,317.19
1962,12,8,317.31
1962,12,15,317.66
1962,12,22,318.18
1963,1,5,318.54
1963,1,12,318.73
1963,1,19,318.9
1963,1,26,318.82
1963,2,2,318.77
1963,2,9,318.95
1963,2,23,319.37
1963,3,2,319.35
1963,3,9,319.7
1963,3,16,319.8
1963,3,23,320.34
1963,3,30,320.29
1963,4,6,320.38
1963,4,13,320.96
1963,4,20,322.05
1963,4,27,321.92
1963,5,11,321.97
1963,5,18,322.28
1963,5,25,322.27
1963,6,1,322.32
1963,6,8,322.09
1963,6,15,321.83
1963,6,22,320.88
1963,6,29,320.49
1963,7,6,320.12
1963,7,13,319.82
1963,7,20,319.56
1963,7,27,319.06
1963,8,3,318.6
1963,8,10,318.27
1963,8,17,317.73
1963,8,24,317.12
1963,8,31,316.44
1963,9,7,316.81
1963,9,14,315.99
1963,9,21,316.03
1963,9,28,315.93
1963,10,5,316.28
1963,10,12,315.65
1963,10,19,316.14
1963,10,26,316.36
1963,11,2,316.63
1963,11,9,316.83
1963,11,16,317.13
1963,11,30,317.56
1963,12,7,318.07
1963,12,14,318.27
1963,12,21,318.59
1963,12,28,318.74
1964,1,4,319.04
1964,1,11,319.49
1964,1,18,319.88
1964,5,30,322.07
1964,6,6,322.06
1964,6,27,321.57
1964,7,4,321.14
1964,7,11,319.95
1964,7,18,320.28
1964,7,25,320.02
1964,8,1,319.14
1964,8,15,318.61
1964,8,22,318.23
1964,8,29,318.11
1964,9,5,317.48
1964,9,12,316.57
1964,9,19,315.59
1964,9,26,317.01
1964,10,3,316.93
1964,10,10,316.51
1964,10,17,316.86
1964,10,24,317.05
1964,10,31,317.65
1964,11,7,317.77
1964,11,14,317.65
1964,11,21,317.52
1964,11,28,318.11
1964,12,5,318.42
1964,12,12,318.58
1964,12,19,318.93
1964,12,26,318.91
1965,1,2,319.08
1965,1,9,319.17
1965,1,16,319.16
1965,1,23,319.79
1965,1,30,320.12
1965,2,6,320.2
1965,2,13,320.16
1965,2,20,320.7
1965,2,27,320.89
1965,3,6,321.07
1965,3,13,320.98
1965,3,20,320.49
1965,3,27,321.4
1965,4,3,321.95
1965,4,10,322.27
1965,4,17,322.17
1965,4,24,321.86
1965,5,1,322.46
1965,5,8,322.22
1965,5,15,321.94
1965,5,22,321.69
1965,5,29,322.26
1965,6,5,321.87
1965,6,12,321.77
1965,6,19,321.77
1965,6,26,321.99
1965,7,3,321.97
1965,7,10,321.85
1965,7,17,321.76
1965,7,24,320.47
1965,7,31,319.49
1965,8,7,319.47
1965,8,14,318.02
1965,8,21,318.82
1965,8,28,318.73
1965,9,4,318.39
1965,9,11,318.05
1965,9,18,318.26
1965,9,25,316.85
1965,10,2,316.6
1965,10,9,317.26
1965,10,16,317.86
1965,10,23,317.56
1965,10,30,317.63
1965,11,6,318.3
1965,11,13,319.26
1965,11,20,318.99
1965,11,27,319.17
1965,12,4,319.09
1965,12,11,319.37
1965,12,18,319.39
1965,12,25,319.7
1966,1,1,319.69
1966,1,8,320.49
1966,1,15,320.63
1966,1,22,321.09
1966,1,29,321.16
1966,2,5,321.26
1966,2,12,321.75
1966,2,19,321.67
1966,2,26,321.8
1966,3,5,322.1
1966,3,12,322.14
1966,3,19,322.57
1966,3,26,322.86
1966,4,2,323.55
1966,4,9,323.62
1966,4,16,323.88
1966,4,23,323.91
1966,4,30,323.53
1966,5,7,324
1966,5,14,324.1
1966,5,21,323.72
1966,5,28,324.31
1966,6,4,324.02
1966,6,11,323.88
1966,6,18,323.75
1966,6,25,323.32
1966,7,2,322.82
1966,7,9,322.9
1966,8,6,321.31
1966,8,13,320.85
1966,8,20,319.16
1966,8,27,319.64
1966,9,3,319.94
1966,9,10,318.22
1966,9,17,318.46
1966,9,24,318.31
1966,10,1,317.9
1966,10,8,317.9
1966,10,15,318.21
1966,10,22,318.61
1966,10,29,318.39
1966,11,12,319.59
1966,11,19,320.03
1966,11,26,320.24
1966,12,3,320.8
1966,12,10,320.87
1966,12,17,321.16
1966,12,24,321.31
1966,12,31,321.37
1967,1,7,321.92
1967,1,14,322.93
1967,2,4,322.19
1967,2,11,322.23
1967,2,18,322.86
1967,2,25,322.6
1967,3,4,322.94
1967,3,11,322.6
1967,3,18,323.33
1967,3,25,323.24
1967,4,1,323.15
1967,4,8,324.21
1967,4,15,324.41
1967,4,22,324.6
1967,4,29,325.16
1967,5,6,325.26
1967,5,13,324.78
1967,5,20,325.09
1967,5,27,324.94
1967,6,3,324.95
1967,6,10,324.65
1967,6,17,323.31
1967,6,24,323.5
1967,7,1,322.89
1967,7,8,322.85
1967,7,15,322.45
1967,7,22,322.4
1967,7,29,322.04
1967,8,5,321.65
1967,8,12,321.4
1967,8,19,320.48
1967,8,26,320.01
1967,9,2,320.07
1967,9,9,319.43
1967,9,16,319.35
1967,9,23,319.03
1967,9,30,318.81
1967,10,7,318.88
1967,10,14,319.86
1967,10,21,319.47
1967,10,28,319.86
1967,11,4,320.01
1967,11,11,320.34
1967,11,18,320.91
1967,11,25,321.54
1967,12,2,321.4
1967,12,9,321.89
1967,12,16,322.29
1967,12,23,321.98
1967,12,30,322.3
1968,1,6,322.46
1968,1,13,322.5
1968,1,20,322.59
1968,1,27,322.83
1968,2,3,322.66
1968,2,10,323.17
1968,2,17,323.46
1968,2,24,323.18
1968,3,2,323.15
1968,3,9,323.85
1968,3,16,323.85
1968,3,23,324.21
1968,3,30,324.77
1968,4,6,324.79
1968,4,13,325.04
1968,4,20,324.84
1968,4,27,325.45
1968,5,4,325.63
1968,5,11,325.09
1968,5,18,325.52
1968,5,25,325.86
1968,6,1,325.67
1968,6,8,325.71
1968,6,15,325.56
1968,6,22,324.99
1968,6,29,324.63
1968,7,6,324.7
1968,7,13,324.13
1968,7,20,323.94
1968,7,27,323.4
1968,8,3,322.49
1968,8,10,322.27
1968,8,17,322.02
1968,8,24,321.74
1968,8,31,321.42
1968,9,7,320.44
1968,9,14,321.18
1968,9,21,319.78
1968,9,28,319.89
1968,10,5,320.57
1968,10,12,320.52
1968,10,19,320.26
1968,10,26,319.92
1968,11,2,320.7
1968,11,9,320.89
1968,11,16,321.4
1968,11,23,321.78
1968,11,30,322.06
1968,12,7,322.44
1968,12,14,322.91
1968,12,21,323.33
1968,12,28,323.19
1969,1,4,323.39
1969,1,11,324.06
1969,1,18,324.36
1969,1,25,324.14
1969,2,1,324.16
1969,2,8,323.92
1969,2,15,324.37
1969,2,22,324.86
1969,3,1,325.14
1969,3,8,325.58
1969,3,15,325.72
1969,3,22,325.96
1969,3,29,325.89
1969,4,5,326.27
1969,4,12,327.13
1969,4,19,326.58
1969,4,26,326.57
1969,5,3,327.52
1969,5,10,327.82
1969,5,17,326.86
1969,5,24,326.92
1969,5,31,327.43
1969,6,7,326.51
1969,6,14,326.78
1969,6,21,326.73
1969,6,28,326.37
1969,7,5,326.16
1969,7,12,326.07
1969,7,19,325.72
1969,7,26,325.47
1969,8,2,324.5
1969,8,9,324.56
1969,8,16,323.14
1969,8,23,322.56
1969,8,30,323.14
1969,9,6,322.21
1969,9,13,322.79
1969,9,20,322.84
1969,9,27,321.96
1969,10,4,321.5
1969,10,11,321.82
1969,10,18,322
1969,10,25,321.93
1969,11,1,322.21
1969,11,8,322.64
1969,11,15,322.78
1969,11,22,323.1
1969,11,29,323.52
1969,12,6,323.91
1969,12,13,323.99
1969,12,20,324.22
1969,12,27,324.5
1970,1,3,324.7
1970,1,10,325.4
1970,1,17,325.05
1970,1,24,324.8
1970,1,31,325.55
1970,2,7,325.7
1970,2,14,326.02
1970,2,21,326.32
1970,2,28,326.17
1970,3,7,326.85
1970,3,14,326.8
1970,3,21,327.51
1970,3,28,326.95
1970,4,4,328.2
1970,4,11,327.84
1970,4,18,327.81
1970,4,25,328.55
1970,5,2,327.99
1970,5,9,327.56
1970,5,16,328.03
1970,5,23,328.33
1970,5,30,327.98
1970,6,6,327.55
1970,6,13,327.86
1970,6,20,327.71
1970,6,27,327.23
1970,7,4,327.29
1970,7,11,326.24
1970,7,18,326.28
1970,7,25,325.63
1970,8,1,325.24
1970,8,8,325.21
1970,8,15,324.86
1970,8,22,324.84
1970,8,29,323.33
1970,9,5,322.97
1970,9,12,323.58
1970,9,19,323.18
1970,9,26,323.15
1970,10,3,323.21
1970,10,10,323.56
1970,10,17,322.92
1970,10,24,323.02
1970,10,31,323.18
1970,11,7,323.69
1970,11,14,323.76
1970,11,21,324.23
1970,11,28,324.71
1970,12,5,324.73
1970,12,12,325
1970,12,19,325.29
1970,12,26,325.58
1971,1,2,325.77
1971,1,9,325.89
1971,1,16,325.9
1971,1,23,326.72
1971,1,30,326.68
1971,2,6,326.55
1971,2,13,326.49
1971,2,20,326.79
1971,2,27,327.05
1971,3,6,327.15
1971,3,13,327.34
1971,3,20,327.08
1971,3,27,327.45
1971,4,3,327.44
1971,4,10,327.1
1971,4,17,327.71
1971,4,24,328.56
1971,5,1,328.2
1971,5,8,329.07
1971,5,15,329.28
1971,5,22,328.92
1971,5,29,328.81
1971,6,5,328.56
1971,6,12,328.8
1971,6,19,328.18
1971,6,26,328.52
1971,7,3,327.92
1971,7,10,327.88
1971,7,17,327.55
1971,7,24,326.21
1971,7,31,326.74
1971,8,7,326.12
1971,8,14,325.61
1971,8,21,325.39
1971,8,28,324.04
1971,9,4,323.65
1971,9,11,323.51
1971,9,18,323.26
1971,9,25,323.3
1971,10,2,323.32
1971,10,9,322.95
1971,10,16,323.52
1971,10,23,323.69
1971,10,30,324.4
1971,11,6,324.36
1971,11,13,324.53
1971,11,20,325.04
1971,11,27,325.51
1971,12,4,325.38
1971,12,11,325.93
1971,12,18,326.28
1971,12,25,326.35
1972,1,1,326.61
1972,1,8,326.67
1972,1,15,326.62
1972,1,22,326.68
1972,1,29,327.24
1972,2,5,327.4
1972,2,12,327.95
1972,2,19,327.83
1972,2,26,327.42
1972,3,4,327.58
1972,3,11,327.16
1972,3,18,327.78
1972,3,25,328.62
1972,4,1,328.97
1972,4,8,329.47
1972,4,15,329.83
1972,4,22,330.13
1972,4,29,330.02
1972,5,6,330.04
1972,5,13,329.75
1972,5,20,330.11
1972,5,27,330.21
1972,6,3,329.71
1972,6,10,329.15
1972,6,17,329.04
1972,6,24,328.52
1972,7,1,328.63
1972,7,8,328.3
1972,7,15,327.72
1972,7,22,328.14
1972,7,29,327.51
1972,8,5,326.92
1972,8,12,326.66
1972,8,19,326.57
1972,8,26,325.05
1972,9,2,325.4
1972,9,9,325.77
1972,9,16,324.81
1972,9,23,324.26
1972,9,30,324.23
1972,10,7,324.88
1972,10,14,325.52
1972,10,21,325.11
1972,10,28,325.86
1972,11,4,326.32
1972,11,11,326.13
1972,11,18,326.44
1972,11,25,326.98
1972,12,2,326.94
1972,12,9,327.16
1972,12,16,327.6
1972,12,23,327.91
1972,12,30,328.26
1973,1,6,328.4
1973,1,13,328.44
1973,1,20,328.66
1973,1,27,328.86
1973,2,3,329.19
1973,2,10,329.53
1973,2,17,329.67
1973,2,24,329.7
1973,3,3,329.95
1973,3,10,330.11
1973,3,17,330.55
1973,3,24,330.83
1973,3,31,330.68
1973,4,7,331.22
1973,4,14,331.1
1973,4,21,331.94
1973,4,28,332.16
1973,5,5,332.21
1973,5,12,332.35
1973,5,19,332.63
1973,5,26,332.58
1973,6,2,332.27
1973,6,9,332.58
1973,6,16,332.02
1973,6,23,331.63
1973,6,30,331.43
1973,7,7,331.53
1973,7,14,331.07
1973,7,21,330.08
1973,7,28,330.13
1973,8,4,330.05
1973,8,11,329.54
1973,8,18,329.36
1973,8,25,328.53
1973,9,1,328.45
1973,9,8,327.65
1973,9,15,327.81
1973,9,22,327.1
1973,9,29,326.6
1973,10,6,327.05
1973,10,13,327.4
1973,10,20,327.48
1973,10,27,327.18
1973,11,3,327.59
1973,11,10,328.02
1973,11,17,328.2
1973,11,24,328.57
1973,12,1,329.05
1973,12,8,328.7
1973,12,15,328.65
1973,12,22,328.24
1973,12,29,328.71
1974,1,5,328.91
1974,1,12,329.29
1974,1,19,329.41
1974,1,26,329.85
1974,2,2,330.54
1974,2,9,330.81
1974,2,16,330.61
1974,2,23,330.68
1974,3,2,330.79
1974,3,9,331.2
1974,3,16,332.11
1974,3,23,332
1974,3,30,331.56
1974,4,6,332.47
1974,4,13,332.14
1974,4,20,332.93
1974,4,27,333.17
1974,5,4,332.95
1974,5,11,333.09
1974,5,18,333.27
1974,5,25,332.87
1974,6,1,332.93
1974,6,8,332.03
1974,6,15,332.03
1974,6,22,332.26
1974,6,29,331.73
1974,7,6,331.73
1974,7,13,331.29
1974,7,20,330.47
1974,7,27,331.02
1974,8,3,330.09
1974,8,10,329.92
1974,8,17,329.29
1974,8,24,328.97
1974,8,31,328.19
1974,9,7,328.03
1974,9,14,327.35
1974,9,21,326.91
1974,9,28,327.38
1974,10,5,327.39
1974,10,12,327.06
1974,10,19,327.56
1974,10,26,327.7
1974,11,2,327.99
1974,11,9,328.09
1974,11,16,328.83
1974,11,23,328.65
1974,11,30,328.75
1974,12,7,329.5
1974,12,14,329.73
1974,12,21,329.82
1974,12,28,329.78
1975,1,4,329.93
1975,1,11,329.82
1975,1,18,330.27
1975,1,25,331.13
1975,2,1,331.18
1975,2,8,331.47
1975,2,15,331
1975,2,22,331.72
1975,3,1,331.88
1975,3,8,331.61
1975,3,15,331.96
1975,3,22,332.27
1975,3,29,332.58
1975,4,5,333.03
1975,4,12,333.58
1975,4,19,333.54
1975,4,26,333.13
1975,5,3,333.94
1975,5,10,333.93
1975,5,17,333.76
1975,5,24,333.73
1975,5,31,334.13
1975,6,7,333.87
1975,6,14,333.38
1975,6,21,333.45
1975,6,28,333.19
1975,7,5,332.71
1975,7,12,332.05
1975,7,19,331.05
1975,7,26,331.57
1975,8,2,330.83
1975,8,9,330.7
1975,8,16,330.35
1975,8,23,329.3
1975,8,30,328.88
1975,9,6,329.45
1975,9,13,328.52
1975,9,20,328.09
1975,9,27,328.28
1975,10,4,328.03
1975,10,11,328.05
1975,10,18,328.57
1975,10,25,328.81
1975,11,1,329.35
1975,11,8,329.2
1975,11,15,329.17
1975,11,22,329.54
1975,11,29,330.14
1975,12,6,330.35
1975,12,13,330.54
1975,12,20,331.13
1975,12,27,331.29
1976,1,3,331.57
1976,1,10,331.51
1976,1,17,331.74
1976,1,24,331.87
1976,1,31,332.28
1976,2,7,332.19
1976,2,14,332.52
1976,2,21,333.26
1976,2,28,332.48
1976,3,6,332.81
1976,3,13,333.6
1976,3,20,333.14
1976,3,27,334.39
1976,4,3,334.73
1976,4,10,334.26
1976,4,17,334.42
1976,4,24,334.54
1976,5,1,334.74
1976,5,8,334.33
1976,5,15,334.6
1976,5,22,335.43
1976,5,29,334.87
1976,6,5,334.36
1976,6,12,334.63
1976,6,19,334.32
1976,7,3,333.66
1976,7,10,333.42
1976,7,17,332.85
1976,7,24,332.47
1976,7,31,332.13
1976,8,7,331.72
1976,8,14,330.65
1976,8,21,330.69
1976,8,28,330.09
1976,9,4,329.75
1976,9,11,330.09
1976,9,18,329.33
1976,9,25,328.42
1976,10,2,328.85
1976,10,9,329.06
1976,10,16,329.6
1976,10,23,329.17
1976,10,30,329.03
1976,11,6,329.84
1976,11,13,330.43
1976,11,20,330.59
1976,11,27,330.7
1976,12,4,331.15
1976,12,11,331.33
1976,12,18,331.92
1976,12,25,332.2
1977,1,1,332.58
1977,1,8,332.43
1977,1,15,333.14
1977,1,22,333.24
1977,1,29,333.22
1977,2,5,333.41
1977,2,12,333.33
1977,2,19,333.45
1977,2,26,333.63
1977,3,5,334.1
1977,3,12,334.67
1977,3,19,335.11
1977,3,26,335.02
1977,4,2,335.53
1977,4,9,335.94
1977,4,16,336.01
1977,4,23,336.12
1977,4,30,336.78
1977,5,7,336.8
1977,5,14,336.47
1977,5,21,336.84
1977,5,28,336.72
1977,6,4,336.49
1977,6,11,336.31
1977,6,18,336.19
1977,6,25,336.03
1977,7,2,335.59
1977,7,9,335.1
1977,7,16,335.11
1977,7,23,334.6
1977,7,30,333.76
1977,8,6,333.01
1977,8,13,332.98
1977,8,20,332.84
1977,8,27,332.85
1977,9,3,332.17
1977,9,10,331.21
1977,9,17,332.1
1977,9,24,330.96
1977,10,1,330.45
1977,10,8,330.95
1977,10,15,331.52
1977,10,22,331.52
1977,10,29,331.74
1977,11,5,332.13
1977,11,12,332.03
1977,11,19,332.59
1977,11,26,332.85
1977,12,3,333.2
1977,12,10,333.51
1977,12,17,333.85
1977,12,24,334.25
1977,12,31,334.67
1978,1,7,334.27
1978,1,14,334.63
1978,1,21,335.46
1978,1,28,335.94
1978,2,4,335
1978,2,11,335.13
1978,2,18,335.66
1978,2,25,335.7
1978,3,4,336.27
1978,3,11,336.1
1978,3,18,336.8
1978,3,25,337.39
1978,4,1,337.08
1978,4,8,337.99
1978,4,15,337.94
1978,4,22,337.47
1978,4,29,338.05
1978,5,6,338.07
1978,5,13,338.1
1978,5,20,337.82
1978,5,27,337.9
1978,6,3,338.48
1978,6,10,338.23
1978,6,17,337.86
1978,6,24,337.39
1978,7,1,337.69
1978,7,8,336.79
1978,7,15,336.72
1978,7,22,335.95
1978,7,29,335.69
1978,8,5,335.17
1978,8,12,334.84
1978,8,19,334.41
1978,8,26,334.37
1978,9,2,333.88
1978,9,9,332.88
1978,9,16,332.19
1978,9,23,332.38
1978,9,30,332.76
1978,10,7,332.1
1978,10,14,332.45
1978,10,21,333.02
1978,10,28,333.18
1978,11,4,333.58
1978,11,11,333.85
1978,11,18,333.88
1978,11,25,334.2
1978,12,2,334.52
1978,12,9,334.8
1978,12,16,335.15
1978,12,23,335.12
1978,12,30,335.32
1979,1,6,335.36
1979,1,13,335.97
1979,1,20,336.85
1979,1,27,336.95
1979,2,3,336.9
1979,2,10,336.54
1979,2,17,336.71
1979,2,24,336.79
1979,3,3,337.12
1979,3,10,337.79
1979,3,17,337.43
1979,3,24,339.02
1979,3,31,338.8
1979,4,7,338.17
1979,4,14,338.66
1979,4,21,339.25
1979,4,28,339.6
1979,5,5,339.3
1979,5,12,338.88
1979,5,19,339.86
1979,5,26,339.62
1979,6,2,339.93
1979,6,9,339.52
1979,6,16,338.9
1979,6,23,338.95
1979,6,30,339
1979,7,7,338.28
1979,7,14,337.82
1979,7,21,337.37
1979,7,28,336.84
1979,8,4,337.03
1979,8,11,336.59
1979,8,18,336.17
1979,8,25,334.56
1979,9,1,334.45
1979,9,8,334
1979,9,15,334.21
1979,9,22,333.28
1979,9,29,334.11
1979,10,6,334.1
1979,10,13,333.97
1979,10,20,333.74
1979,10,27,334.16
1979,11,3,334.73
1979,11,10,334.86
1979,11,17,335.59
1979,11,24,335.68
1979,12,1,335.99
1979,12,8,336.5
1979,12,15,336.77
1979,12,22,336.88
1979,12,29,337.4
1980,1,5,337.67
1980,1,12,337.48
1980,1,19,338.38
1980,1,26,338.49
1980,2,2,338.05
1980,2,9,338.14
1980,2,16,338.68
1980,2,23,338.26
1980,3,1,339.31
1980,3,8,339.54
1980,3,15,340.02
1980,3,22,340.54
1980,3,29,341.01
1980,4,5,340.41
1980,4,12,340.95
1980,4,19,340.75
1980,4,26,341.06
1980,5,3,341.52
1980,5,10,341.3
1980,5,17,341.38
1980,5,24,340.92
1980,5,31,341.72
1980,6,7,341.38
1980,6,14,341.39
1980,6,21,340.87
1980,6,28,340.4
1980,7,5,340.44
1980,7,12,339.78
1980,7,19,338.51
1980,7,26,338.92
1980,8,2,337.98
1980,8,9,337.77
1980,8,16,337.75
1980,8,23,337.79
1980,8,30,337.01
1980,9,6,336.65
1980,9,13,335.75
1980,9,20,335.28
1980,9,27,336.03
1980,10,4,335.83
1980,10,11,335.87
1980,10,18,336.1
1980,10,25,336.42
1980,11,1,336.65
1980,11,8,336.98
1980,11,15,337.14
1980,11,22,337.31
1980,11,29,337.41
1980,12,6,337.77
1980,12,13,338.1
1980,12,20,338.39
1980,12,27,338.72
1981,1,3,338.94
1981,1,10,339.13
1981,1,17,339.39
1981,1,24,339.36
1981,1,31,339.55
1981,2,7,340.57
1981,2,14,340.04
1981,2,21,340.2
1981,2,28,341.11
1981,3,7,340.73
1981,3,14,341.04
1981,3,21,341.89
1981,3,28,342.19
1981,4,4,342.42
1981,4,11,342.49
1981,4,18,342.78
1981,4,25,342.3
1981,5,2,342.95
1981,5,9,343
1981,5,16,342.8
1981,5,23,342.7
1981,5,30,342.75
1981,6,6,342.64
1981,6,13,342.54
1981,6,20,341.81
1981,6,27,341.64
1981,7,4,341.05
1981,7,11,340.87
1981,7,18,339.76
1981,7,25,340.21
1981,8,1,339.56
1981,8,8,338.92
1981,8,15,338.48
1981,8,22,337.57
1981,8,29,337.73
1981,9,5,337.2
1981,9,12,337.03
1981,9,19,336.75
1981,9,26,335.95
1981,10,3,336.3
1981,10,10,336.65
1981,10,17,337.13
1981,10,24,337.22
1981,10,31,337.56
1981,11,7,337.87
1981,11,14,338.14
1981,11,21,338.57
1981,11,28,339.3
1981,12,5,339.29
1981,12,12,339.41
1981,12,19,339.65
1981,12,26,340.23
1982,1,2,340.28
1982,1,9,340.39
1982,1,16,340.72
1982,1,23,341.13
1982,1,30,341.29
1982,2,6,341.94
1982,2,13,341.11
1982,2,20,341.14
1982,2,27,342.19
1982,3,6,342.66
1982,3,13,342.61
1982,3,20,342.78
1982,3,27,342.81
1982,4,3,342.96
1982,4,10,343.3
1982,4,17,343.5
1982,4,24,344.29
1982,5,1,343.83
1982,5,8,343.68
1982,5,15,344.29
1982,5,22,344.1
1982,5,29,344.1
1982,6,5,343.48
1982,6,12,343.5
1982,6,19,343.46
1982,6,26,342.91
1982,7,3,342.53
1982,7,10,342.03
1982,7,17,342.02
1982,7,24,341.81
1982,7,31,341.31
1982,8,7,340.57
1982,8,14,340.06
1982,8,21,339.71
1982,8,28,338.32
1982,9,4,338.88
1982,9,11,338.61
1982,9,18,337.84
1982,9,25,336.92
1982,10,2,337.32
1982,10,9,338.09
1982,10,16,337.6
1982,10,23,337.94
1982,10,30,338.7
1982,11,6,338.49
1982,11,13,339.2
1982,11,20,339.72
1982,11,27,339.88
1982,12,4,339.86
1982,12,11,340.43
1982,12,18,340.71
1982,12,25,340.82
1983,1,1,340.94
1983,1,8,341.44
1983,1,15,341.57
1983,1,22,341.25
1983,1,29,341.72
1983,2,5,342
1983,2,12,342.77
1983,2,19,342.5
1983,2,26,342.84
1983,3,5,342.38
1983,3,12,342.58
1983,3,19,344.06
1983,3,26,343.81
1983,4,2,344.02
1983,4,9,344.89
1983,4,16,345.07
1983,4,23,345.32
1983,4,30,345.46
1983,5,7,345.43
1983,5,14,345.77
1983,5,21,345.85
1983,5,28,345.76
1983,6,4,345.68
1983,6,11,345.6
1983,6,18,345.04
1983,6,25,344.97
1983,7,2,344.74
1983,7,9,344.59
1983,7,16,343.73
1983,7,23,343.66
1983,7,30,342.6
1983,8,6,343.05
1983,8,13,341.7
1983,8,20,342.14
1983,8,27,341.8
1983,9,3,339.94
1983,9,10,339.99
1983,9,17,339.86
1983,9,24,339.98
1983,10,1,339.87
1983,10,8,339.76
1983,10,15,340.12
1983,10,22,340.25
1983,10,29,340.37
1983,11,5,340.8
1983,11,12,341
1983,11,19,341.18
1983,11,26,341.7
1983,12,3,341.87
1983,12,10,342.85
1983,12,17,343.39
1983,12,24,343.61
1983,12,31,343.47
1984,1,7,343.78
1984,1,14,343.47
1984,1,21,343.5
1984,1,28,344.16
1984,2,4,344.35
1984,2,11,344.57
1984,2,18,344.33
1984,2,25,344.69
1984,3,3,344.88
1984,3,10,344.95
1984,3,17,345.45
1984,3,24,345.69
1984,4,28,347.47
1984,5,5,347.49
1984,5,12,347.78
1984,5,19,347.36
1984,5,26,347.03
1984,6,2,347.09
1984,6,9,347.02
1984,6,16,346.89
1984,6,23,346.37
1984,6,30,346.24
1984,7,7,345.82
1984,7,14,345.48
1984,7,21,345.25
1984,7,28,344.48
1984,8,4,344.05
1984,8,11,344.12
1984,8,18,343.19
1984,8,25,342.05
1984,9,1,341.65
1984,9,8,340.65
1984,9,15,341.37
1984,9,22,341.31
1984,9,29,340.85
1984,10,6,341.19
1984,10,13,341.3
1984,10,20,341.91
1984,10,27,341.67
1984,11,3,342.01
1984,11,10,342.65
1984,11,17,343.14
1984,11,24,343.75
1984,12,1,343.6
1984,12,8,343.95
1984,12,15,344.23
1984,12,22,344.58
1984,12,29,344.57
1985,1,5,344.77
1985,1,12,345.01
1985,1,19,345.01
1985,1,26,345.08
1985,2,2,345.95
1985,2,9,345.54
1985,2,16,345.82
1985,2,23,346.37
1985,3,2,346.77
1985,3,9,347.11
1985,3,16,347.58
1985,3,23,347.7
1985,3,30,348.27
1985,4,6,348.04
1985,4,13,348.08
1985,4,20,348.52
1985,4,27,348.84
1985,5,4,348.89
1985,5,11,349.31
1985,5,18,349.18
1985,5,25,348.18
1985,6,1,349.05
1985,6,8,348.49
1985,6,15,348.24
1985,6,22,347.9
1985,6,29,347.47
1985,7,6,346.9
1985,7,13,346.8
1985,7,20,346.43
1985,7,27,345.79
1985,8,10,344.7
1985,8,17,344.5
1985,8,24,344.38
1985,8,31,343.76
1985,9,7,344.29
1985,9,14,343.37
1985,9,21,342.46
1985,9,28,342.13
1985,10,5,342.4
1985,10,12,342.5
1985,10,19,343.14
1985,10,26,343.22
1985,11,2,343.38
1985,11,9,343.77
1985,11,16,344.25
1985,11,23,344.64
1985,11,30,345.3
1985,12,7,345.37
1985,12,14,345.67
1985,12,21,345.17
1985,12,28,346.3
1986,1,4,346.44
1986,1,11,346.09
1986,1,18,346.25
1986,1,25,346.46
1986,2,1,346.22
1986,2,8,346.84
1986,2,15,347.18
1986,2,22,347.2
1986,3,1,347.07
1986,3,8,346.65
1986,3,15,347.22
1986,3,22,349.15
1986,3,29,348.87
1986,4,5,349.21
1986,4,12,349.45
1986,4,19,349.34
1986,4,26,350.2
1986,5,3,349.99
1986,5,10,350.14
1986,5,17,350.23
1986,5,24,350.13
1986,5,31,350.18
1986,6,7,349.73
1986,6,14,349.54
1986,6,21,349.48
1986,6,28,348.92
1986,7,5,348.69
1986,7,12,347.77
1986,7,19,347.61
1986,7,26,347.41
1986,8,2,346.65
1986,8,9,346.23
1986,8,16,345.59
1986,8,23,345.62
1986,8,30,345.27
1986,9,6,345.05
1986,9,13,345.32
1986,9,20,344.43
1986,9,27,344.51
1986,10,4,343.99
1986,10,11,344.11
1986,10,18,343.99
1986,10,25,344.57
1986,11,1,345.17
1986,11,8,345.35
1986,11,15,345.63
1986,11,22,345.72
1986,11,29,346.41
1986,12,6,346.92
1986,12,13,346.77
1986,12,20,346.97
1986,12,27,347.08
1987,1,3,347.62
1987,1,10,348.37
1987,1,17,348.27
1987,1,24,347.96
1987,1,31,348.03
1987,2,7,347.91
1987,2,14,348.25
1987,2,21,348.54
1987,2,28,349.47
1987,3,7,348.85
1987,3,14,349.27
1987,3,21,349.79
1987,3,28,350.2
1987,4,4,350.82
1987,4,11,350.27
1987,4,18,351.19
1987,4,25,351.39
1987,5,2,351.43
1987,5,9,352
1987,5,16,351.73
1987,5,23,351.91
1987,5,30,351.78
1987,6,6,351.65
1987,6,13,351.17
1987,6,20,351
1987,6,27,350.94
1987,7,4,349.76
1987,7,11,349.84
1987,7,18,348.87
1987,7,25,349.51
1987,8,1,349.04
1987,8,8,348.15
1987,8,15,348.62
1987,8,22,348.01
1987,8,29,346.71
1987,9,5,347.05
1987,9,12,346.65
1987,9,19,346.29
1987,9,26,345.85
1987,10,3,345.77
1987,10,10,346.34
1987,10,17,346.59
1987,10,24,346.8
1987,10,31,346.91
1987,11,7,347.34
1987,11,14,347.65
1987,11,21,348.16
1987,11,28,348.75
1987,12,5,348.66
1987,12,12,348.82
1987,12,19,349.12
1987,12,26,349.29
1988,1,2,349.78
1988,1,9,350.28
1988,1,16,350.21
1988,1,23,350.79
1988,1,30,351.22
1988,2,6,351.81
1988,2,13,351.31
1988,2,20,351.53
1988,2,27,352.55
1988,3,5,352.88
1988,3,12,351.88
1988,3,19,351.78
1988,3,26,352.23
1988,4,2,353.13
1988,4,9,353.57
1988,4,16,353.15
1988,4,23,354
1988,4,30,354.23
1988,5,7,353.76
1988,5,14,354.3
1988,5,21,354.52
1988,5,28,354.2
1988,6,4,354.18
1988,6,11,354.2
1988,6,18,353.61
1988,6,25,353.19
1988,7,2,353.08
1988,7,9,352.56
1988,7,16,352.65
1988,7,23,351.96
1988,7,30,351.13
1988,8,6,350.95
1988,8,13,350.3
1988,8,20,350.49
1988,8,27,349.61
1988,9,3,349.38
1988,9,10,348.73
1988,9,17,348.95
1988,9,24,348.19
1988,10,1,348.82
1988,10,8,348.88
1988,10,15,348.68
1988,10,22,349.42
1988,10,29,349.29
1988,11,5,349.78
1988,11,12,349.89
1988,11,19,350.18
1988,11,26,350.48
1988,12,3,350.5
1988,12,10,351.02
1988,12,17,351.6
1988,12,24,351.36
1988,12,31,352.4
1989,1,7,352.77
1989,1,14,352.97
1989,1,21,352.51
1989,1,28,353.06
1989,2,4,352.83
1989,2,11,352.64
1989,2,18,353.22
1989,2,25,353.48
1989,3,4,353.17
1989,3,11,353.46
1989,3,18,353.55
1989,3,25,354.48
1989,4,1,354.56
1989,4,8,355.05
1989,4,15,355.41
1989,4,22,356.01
1989,4,29,355.9
1989,5,6,355.36
1989,5,13,355.82
1989,5,20,355.64
1989,5,27,355.76
1989,6,3,355.8
1989,6,10,355.09
1989,6,17,354.87
1989,6,24,354.9
1989,7,1,354.5
1989,7,8,354.76
1989,7,15,353.85
1989,7,22,353.19
1989,7,29,353.21
1989,8,5,352.62
1989,8,12,352.24
1989,8,19,351.16
1989,8,26,350.43
1989,9,2,350.79
1989,9,9,350.28
1989,9,16,349.41
1989,9,23,349.31
1989,9,30,349.71
1989,10,7,349.97
1989,10,14,349.74
1989,10,21,350.24
1989,10,28,350.47
1989,11,4,350.66
1989,11,11,351.29
1989,11,18,351.6
1989,11,25,351.46
1989,12,2,352.09
1989,12,9,352.16
1989,12,16,352.48
1989,12,23,352.59
1989,12,30,353.44
1990,1,6,353.47
1990,1,13,353.55
1990,1,20,353.8
1990,1,27,353.96
1990,2,3,354.13
1990,2,10,355.02
1990,2,17,354.87
1990,2,24,354.78
1990,3,3,355.72
1990,3,10,354.99
1990,3,17,355.84
1990,3,24,355.17
1990,3,31,355.95
1990,4,7,356.17
1990,4,14,355.9
1990,4,21,356.68
1990,4,28,356.18
1990,5,5,357.3
1990,5,12,357.09
1990,5,19,356.99
1990,5,26,357.13
1990,6,2,357.01
1990,6,9,356.63
1990,6,16,355.68
1990,6,23,355.53
1990,6,30,355.79
1990,7,7,355.51
1990,7,14,354
1990,7,21,354.59
1990,7,28,354.72
1990,8,4,353.56
1990,8,11,353.23
1990,8,18,352.92
1990,8,25,352.01
1990,9,1,350.99
1990,9,8,350.75
1990,9,15,351.33
1990,9,22,350.97
1990,9,29,350.92
1990,10,6,351.1
1990,10,13,351.08
1990,10,20,351.48
1990,10,27,351.47
1990,11,3,352.12
1990,11,10,352.62
1990,11,17,353.05
1990,11,24,353.18
1990,12,1,353.61
1990,12,8,354.07
1990,12,15,353.87
1990,12,22,354.51
1990,12,29,354.89
1991,1,5,354.28
1991,1,12,354.73
1991,1,19,354.86
1991,1,26,355.05
1991,2,2,355.22
1991,2,9,355.23
1991,2,16,356.4
1991,2,23,355.83
1991,3,2,356.41
1991,3,9,357.21
1991,3,16,357.69
1991,3,23,356.96
1991,3,30,357.94
1991,4,6,358.32
1991,4,13,357.83
1991,4,20,359.19
1991,4,27,359.24
1991,5,4,359.11
1991,5,11,358.94
1991,5,18,360.03
1991,5,25,359.08
1991,6,1,358.52
1991,6,8,358.46
1991,6,15,358.22
1991,6,22,358.12
1991,6,29,357.74
1991,7,6,357.27
1991,7,13,356.54
1991,7,20,355.26
1991,7,27,355.3
1991,8,3,354.89
1991,8,10,354.6
1991,8,17,353.78
1991,8,24,353.07
1991,8,31,353.22
1991,9,7,353.06
1991,9,14,352.12
1991,9,21,351.84
1991,9,28,351.69
1991,10,5,351.7
1991,10,12,352.18
1991,10,19,352.53
1991,10,26,352.72
1991,11,2,353.47
1991,11,9,353.76
1991,11,16,353.56
1991,11,23,353.86
1991,11,30,354.35
1991,12,7,354.54
1991,12,14,354.97
1991,12,21,355.22
1991,12,28,355.5
1992,1,4,355.69
1992,1,11,356.07
1992,1,18,356.19
1992,1,25,355.96
1992,2,1,356.05
1992,2,8,356.73
1992,2,15,357.33
1992,2,22,356.99
1992,2,29,356.58
1992,3,7,357.3
1992,3,14,357.8
1992,3,21,358.18
1992,3,28,358.42
1992,4,4,358.57
1992,4,11,358.99
1992,4,18,359.75
1992,4,25,359.25
1992,5,2,359.69
1992,5,9,359.73
1992,5,16,358.6
1992,5,23,359.65
1992,5,30,360.25
1992,6,6,360.03
1992,6,13,359.48
1992,6,20,358.75
1992,6,27,358.45
1992,7,4,358.47
1992,7,11,357.2
1992,7,18,356.37
1992,7,25,356.1
1992,8,1,354.99
1992,8,8,355.33
1992,8,15,355.32
1992,8,22,354.59
1992,8,29,354.34
1992,9,5,353.53
1992,9,12,353.66
1992,9,19,352.37
1992,9,26,352.75
1992,10,3,353.6
1992,10,10,353.38
1992,10,17,353.24
1992,10,24,353.51
1992,10,31,353.56
1992,11,7,353.99
1992,11,14,353.86
1992,11,21,354.57
1992,11,28,354.64
1992,12,5,354.85
1992,12,12,355.37
1992,12,19,355.46
1992,12,26,355.97
1993,1,2,356.29
1993,1,9,356.96
1993,1,16,356.72
1993,1,23,356.66
1993,1,30,357.03
1993,2,6,356.62
1993,2,13,357.23
1993,2,20,357.36
1993,2,27,357.68
1993,3,6,358.39
1993,3,13,358.52
1993,3,20,358.13
1993,3,27,358.85
1993,4,3,359.17
1993,4,10,358.87
1993,4,17,359.42
1993,4,24,360.03
1993,5,1,359.62
1993,5,8,359.78
1993,5,15,360.7
1993,5,22,360.62
1993,5,29,360.35
1993,6,5,359.79
1993,6,12,359.92
1993,6,19,359.34
1993,6,26,359.15
1993,7,3,357.91
1993,7,10,358.02
1993,7,17,358.1
1993,7,24,356.69
1993,7,31,356.52
1993,8,7,355.88
1993,8,14,355.95
1993,8,21,354.9
1993,8,28,354.72
1993,9,4,354.3
1993,9,11,353.23
1993,9,18,353.81
1993,9,25,353.86
1993,10,2,353.8
1993,10,9,353.87
1993,10,16,354
1993,10,23,354.45
1993,10,30,354.38
1993,11,6,354.78
1993,11,13,355.16
1993,11,20,355.65
1993,11,27,356.03
1993,12,4,356.27
1993,12,11,356.52
1993,12,18,356.99
1993,12,25,357.5
1994,1,1,358.14
1994,1,8,358.12
1994,1,15,358.43
1994,1,22,358.33
1994,1,29,358.78
1994,2,5,358.49
1994,2,12,358.61
1994,2,19,359.02
1994,2,26,359.64
1994,3,5,358.77
1994,3,12,359.86
1994,3,19,360.49
1994,3,26,360.83
1994,4,2,360.68
1994,4,9,361.01
1994,4,16,361.07
1994,4,23,361.34
1994,4,30,362.25
1994,5,7,361.63
1994,5,14,361.42
1994,5,21,361.78
1994,5,28,361.91
1994,6,4,361.04
1994,6,11,361.07
1994,6,18,360.93
1994,6,25,360.7
1994,7,2,360.22
1994,7,9,359.9
1994,7,16,359.43
1994,7,23,359
1994,7,30,358.81
1994,8,6,358.1
1994,8,13,357.52
1994,8,20,357.63
1994,8,27,356.39
1994,9,3,356.44
1994,9,10,356.46
1994,9,17,355.46
1994,9,24,355.5
1994,10,1,355.46
1994,10,8,355.81
1994,10,15,356.09
1994,10,22,356.39
1994,10,29,356.61
1994,11,5,356.97
1994,11,12,357.4
1994,11,19,357.93
1994,11,26,358.11
1994,12,3,358.43
1994,12,10,359.13
1994,12,17,359.25
1994,12,24,359.15
1994,12,31,359.52
1995,1,7,359.68
1995,1,14,360.28
1995,1,21,360.12
1995,1,28,360.04
1995,2,4,360.67
1995,2,11,361.09
1995,2,18,360.88
1995,2,25,361.36
1995,3,4,362.2
1995,3,11,361.24
1995,3,18,360.99
1995,3,25,362
1995,4,1,363.8
1995,4,8,363.44
1995,4,15,363.34
1995,4,22,362.89
1995,4,29,363.58
1995,5,6,363.24
1995,5,13,364.11
1995,5,20,364.18
1995,5,27,363.47
1995,6,3,363.92
1995,6,10,363.47
1995,6,17,362.96
1995,6,24,362.81
1995,7,1,362.53
1995,7,8,362.27
1995,7,15,361.97
1995,7,22,361.58
1995,7,29,360.98
1995,8,5,360.45
1995,8,12,359.21
1995,8,19,358.72
1995,8,26,359.29
1995,9,2,357.37
1995,9,9,358.5
1995,9,16,358.58
1995,9,23,358.2
1995,9,30,357.56
1995,10,7,357.65
1995,10,14,357.6
1995,10,21,358.04
1995,10,28,358.23
1995,11,4,359.19
1995,11,11,359.43
1995,11,18,359.69
1995,11,25,359.87
1995,12,2,360.13
1995,12,9,360.43
1995,12,16,360.53
1995,12,23,360.89
1995,12,30,361.73
1996,1,6,361.81
1996,1,13,362.06
1996,1,20,362.17
1996,1,27,362.23
1996,2,3,362.68
1996,2,10,363.12
1996,2,17,363.01
1996,2,24,364.03
1996,3,2,363.84
1996,3,9,363.66
1996,3,16,364.1
1996,3,23,364.53
1996,3,30,364.35
1996,4,6,364.57
1996,4,13,364.89
1996,4,20,364.4
1996,4,27,365.13
1996,5,4,364.92
1996,5,11,365.37
1996,5,18,365.74
1996,5,25,365.43
1996,6,1,364.86
1996,6,8,365.19
1996,6,15,365.27
1996,6,22,365
1996,6,29,364.3
1996,7,6,364.19
1996,7,13,363.75
1996,7,20,363.38
1996,7,27,362.84
1996,8,3,361.78
1996,8,10,362.1
1996,8,17,361.29
1996,8,24,360.85
1996,8,31,360.82
1996,9,7,359.86
1996,9,14,359.82
1996,9,21,359.09
1996,9,28,359.04
1996,10,5,359.45
1996,10,12,359.52
1996,10,19,359.86
1996,10,26,359.87
1996,11,2,359.94
1996,11,9,360.52
1996,11,16,360.79
1996,11,23,361.24
1996,11,30,361.4
1996,12,7,361.97
1996,12,14,362.68
1996,12,21,362.47
1996,12,28,362.62
1997,1,4,362.95
1997,1,11,363
1997,1,18,363.16
1997,1,25,363.51
1997,2,1,363.28
1997,2,8,364.19
1997,2,15,364.02
1997,2,22,364.24
1997,3,1,364.5
1997,3,8,364.16
1997,3,15,364.19
1997,3,22,364.75
1997,3,29,365.43
1997,4,5,365.8
1997,4,12,366.25
1997,4,19,366.69
1997,4,26,366.79
1997,5,3,366.76
1997,5,10,366.8
1997,5,17,367.03
1997,5,24,366.61
1997,5,31,366.36
1997,6,7,365.71
1997,6,14,365.61
1997,6,21,365.53
1997,6,28,365.16
1997,7,5,365.09
1997,7,12,364.67
1997,7,19,364.11
1997,7,26,363.8
1997,8,2,363.39
1997,8,9,363.36
1997,8,16,362.63
1997,8,23,361.51
1997,8,30,361.66
1997,9,6,360.69
1997,9,13,360.26
1997,9,20,360.08
1997,9,27,359.81
1997,10,4,360.54
1997,10,11,360.49
1997,10,18,361.07
1997,10,25,361.13
1997,11,1,361.71
1997,11,8,362.19
1997,11,15,362.06
1997,11,22,362.65
1997,11,29,363.51
1997,12,6,363.97
1997,12,13,363.95
1997,12,20,364.27
1997,12,27,365.09
1998,1,3,365.24
1998,1,10,365.3
1998,1,17,365.35
1998,1,24,365.38
1998,1,31,365.69
1998,2,7,366.06
1998,2,14,365.52
1998,2,21,366.08
1998,2,28,367.36
1998,3,7,367.02
1998,3,14,366.66
1998,3,21,367.49
1998,3,28,368.57
1998,4,4,368.69
1998,4,11,368.68
1998,4,18,368.05
1998,4,25,368.9
1998,5,2,369.17
1998,5,9,368.83
1998,5,16,368.51
1998,5,23,369.66
1998,5,30,369.7
1998,6,6,369.41
1998,6,13,368.88
1998,6,20,368.54
1998,6,27,368.36
1998,7,4,368.05
1998,7,11,367.54
1998,7,18,367.67
1998,7,25,367.36
1998,8,1,366.88
1998,8,8,366.46
1998,8,15,365.64
1998,8,22,365.63
1998,8,29,364.25
1998,9,5,364.74
1998,9,12,363.96
1998,9,19,363.5
1998,9,26,363.6
1998,10,3,364.01
1998,10,10,364.17
1998,10,17,364.46
1998,10,24,364.49
1998,10,31,364.7
1998,11,7,365.05
1998,11,14,365.48
1998,11,21,365.8
1998,11,28,366
1998,12,5,366.46
1998,12,12,366.74
1998,12,19,367.3
1998,12,26,367.38
1999,1,2,367.58
1999,1,9,367.87
1999,1,16,367.8
1999,1,23,368.33
1999,1,30,369.25
1999,2,6,369.19
1999,2,13,368.9
1999,2,20,369.05
1999,2,27,368.52
1999,3,6,368.13
1999,3,13,369.58
1999,3,20,370.27
1999,3,27,370.65
1999,4,3,371.11
1999,4,10,371.59
1999,4,17,371.07
1999,4,24,370.32
1999,5,1,370.82
1999,5,8,371.33
1999,5,15,371.09
1999,5,22,370.89
1999,5,29,370.41
1999,6,5,370.98
1999,6,12,370.33
1999,6,19,369.97
1999,6,26,369.97
1999,7,3,369.49
1999,7,10,370.15
1999,7,17,369.54
1999,7,24,368.66
1999,7,31,367.48
1999,8,7,367.65
1999,8,14,366.77
1999,8,21,366.44
1999,8,28,366.16
1999,9,4,364.22
1999,9,11,364.75
1999,9,18,365.25
1999,9,25,364.74
1999,10,2,364.62
1999,10,9,365.11
1999,10,16,364.94
1999,10,23,365.7
1999,10,30,365.81
1999,11,6,366.24
1999,11,13,366.75
1999,11,20,366.74
1999,11,27,367.2
1999,12,4,367.47
1999,12,11,368.1
1999,12,18,368.05
1999,12,25,368.27
2000,1,1,368.74
2000,1,8,368.63
2000,1,15,369.12
2000,1,22,369.93
2000,1,29,369.35
2000,2,5,369.18
2000,2,12,369.66
2000,2,19,369.45
2000,2,26,369.61
2000,3,4,370.11
2000,3,11,370.09
2000,3,18,370.98
2000,3,25,370.86
2000,4,1,371.04
2000,4,8,371.81
2000,4,15,371.91
2000,4,22,372.1
2000,4,29,371.37
2000,5,6,371.36
2000,5,13,371.83
2000,5,20,372.01
2000,5,27,371.91
2000,6,3,371.98
2000,6,10,371.71
2000,6,17,371.82
2000,6,24,371.41
2000,7,1,370.96
2000,7,8,370.17
2000,7,15,370.29
2000,7,22,369.85
2000,7,29,369.1
2000,8,5,368.86
2000,8,12,368.46
2000,8,19,367.78
2000,8,26,367.25
2000,9,2,367.28
2000,9,9,366.84
2000,9,16,366.35
2000,9,23,366.34
2000,9,30,366.54
2000,10,7,366.42
2000,10,14,366.75
2000,10,21,366.79
2000,10,28,367.46
2000,11,4,367.78
2000,11,11,368.1
2000,11,18,368.76
2000,11,25,368.42
2000,12,2,369.1
2000,12,9,369.74
2000,12,16,369.41
2000,12,23,369.64
2000,12,30,369.91
2001,1,6,369.95
2001,1,13,370.35
2001,1,20,370.1
2001,1,27,370.91
2001,2,3,371.45
2001,2,10,371.29
2001,2,17,371.82
2001,2,24,371.33
2001,3,3,372.34
2001,3,10,372.32
2001,3,17,372.23
2001,3,24,371.97
2001,3,31,372.18
2001,4,7,372.82
2001,4,14,372.84
2001,4,21,373.17
2001,4,28,372.91
2001,5,5,373.83
2001,5,12,374.08
2001,5,19,373.85
2001,5,26,374.05
2001,6,2,374
2001,6,9,373.27
2001,6,16,372.98
2001,6,23,373.04
2001,6,30,372.9
2001,7,7,372.29
2001,7,14,371.51
2001,7,21,371.36
2001,7,28,370.76
2001,8,4,370.07
2001,8,11,369.7
2001,8,18,369.43
2001,8,25,369.15
2001,9,1,368.61
2001,9,8,368.34
2001,9,15,368.18
2001,9,22,367.61
2001,9,29,367.56
2001,10,6,367.93
2001,10,13,367.73
2001,10,20,368.23
2001,10,27,368.92
2001,11,3,368.87
2001,11,10,369.03
2001,11,17,369.84
2001,11,24,370.44
2001,12,1,370.51
2001,12,8,371.03
2001,12,15,371.34
2001,12,22,371.51
2001,12,29,371.67
2002,1,5,371.94
2002,1,12,372.26
2002,1,19,373.04
2002,1,26,372.46
2002,2,2,372.85
2002,2,9,372.93
2002,2,16,372.84
2002,2,23,373.4
2002,3,2,373.29
2002,3,9,373.47
2002,3,16,373.37
2002,3,23,373.51
2002,3,30,374.29
2002,4,6,374.5
2002,4,13,374.55
2002,4,20,375.06
2002,4,27,375.47
2002,5,4,375.78
2002,5,11,374.95
2002,5,18,375.24
2002,5,25,375.92
2002,6,1,375.78
2002,6,8,375.66
2002,6,15,375.12
2002,6,22,375.5
2002,6,29,374.47
2002,7,6,374.62
2002,7,13,374.13
2002,7,20,373.68
2002,7,27,373.16
2002,8,3,372.93
2002,8,10,371.73
2002,8,17,371.03
2002,8,24,370.87
2002,8,31,370.12
2002,9,7,371.39
2002,9,14,371.16
2002,9,21,370.45
2002,9,28,369.97
2002,10,5,369.68
2002,10,12,370.04
2002,10,19,371.06
2002,10,26,370.44
2002,11,2,371.67
2002,11,9,371.55
2002,11,16,372.08
2002,11,23,372.69
2002,11,30,372.65
2002,12,7,373.32
2002,12,14,373.44
2002,12,21,374.16
2002,12,28,374.6
2003,1,4,374.49
2003,1,11,374.46
2003,1,18,374.82
2003,1,25,374.89
2003,2,1,375.23
2003,2,8,374.81
2003,2,15,375.7
2003,2,22,376.36
2003,3,1,375.82
2003,3,8,375.89
2003,3,15,375.76
2003,3,22,376.44
2003,3,29,376.82
2003,4,5,376.81
2003,4,12,377.3
2003,4,19,378.11
2003,4,26,378.46
2003,5,3,378.11
2003,5,10,377.49
2003,5,17,378.79
2003,5,24,378.71
2003,5,31,378.29
2003,6,7,378.39
2003,6,21,377.34
2003,6,28,377.85
2003,7,5,376.43
2003,7,12,377.05
2003,7,19,376.7
2003,7,26,375.98
2003,8,2,375.48
2003,8,9,374.67
2003,8,16,374.06
2003,8,23,374.47
2003,8,30,373.48
2003,9,6,373.09
2003,9,13,372.76
2003,9,20,373.08
2003,9,27,373.03
2003,10,4,372.87
2003,10,25,373.33
2003,11,1,373.5
2003,11,8,373.76
2003,11,15,374.45
2003,11,22,375.21
2003,11,29,374.72
2003,12,6,374.47
2003,12,13,376.15
2003,12,20,376.05
2003,12,27,376.43
2004,1,3,376.17
2004,1,10,376.17
2004,1,17,377.01
2004,1,24,377.29
2004,1,31,377.49
2004,2,7,377.47
2004,2,14,377
2004,2,21,377.35
2004,2,28,377.67
2004,3,6,378.05
2004,3,13,379.4
2004,3,20,378.47
2004,3,27,378.5
2004,4,3,380.09
2004,4,10,380.41
2004,4,17,380.56
2004,4,24,380.71
2004,5,1,380.28
2004,5,8,381.04
2004,5,15,380.51
2004,5,22,380.33
2004,5,29,380.66
2004,6,5,379.62
2004,6,12,380
2004,6,19,379.3
2004,6,26,379.07
2004,7,3,378.44
2004,7,10,378.04
2004,7,17,377.33
2004,7,24,376.99
2004,7,31,377.35
2004,8,7,376.56
2004,8,14,375.84
2004,8,21,375.7
2004,8,28,374.62
2004,9,4,373.82
2004,9,11,374.57
2004,9,18,374.14
2004,9,25,373.8
2004,10,2,374.01
2004,10,9,373.95
2004,10,16,374.05
2004,10,23,374.58
2004,10,30,375.02
2004,11,6,375.06
2004,11,13,376.13
2004,11,20,376.46
2004,11,27,376.13
2004,12,4,377.09
2004,12,11,377.37
2004,12,18,377.5
2004,12,25,377.68
2005,1,1,378.06
2005,1,8,378.21
2005,1,15,378.36
2005,1,22,378.34
2005,1,29,378.66
2005,2,5,379.02
2005,2,12,379.31
2005,2,19,380.25
2005,3,26,380.57
2005,4,2,382.07
2005,4,9,382.25
2005,4,16,381.35
2005,4,23,382.08
2005,4,30,382.38
2005,5,7,381.51
2005,5,14,382.53
2005,5,21,382.14
2005,5,28,382.58
2005,6,4,382.36
2005,6,11,382.31
2005,6,18,382.12
2005,6,25,381.48
2005,7,2,381.15
2005,7,9,380.9
2005,7,16,380.63
2005,7,23,380.36
2005,7,30,379.86
2005,8,6,379.21
2005,8,13,378.97
2005,8,20,378.4
2005,8,27,377.69
2005,9,3,377.82
2005,9,10,376.33
2005,9,17,376.14
2005,9,24,375.95
2005,10,1,376.33
2005,10,8,376.44
2005,10,15,377.12
2005,10,22,377.31
2005,10,29,377.24
2005,11,5,377.76
2005,11,12,378.07
2005,11,19,378.75
2005,11,26,378.77
2005,12,3,379.41
2005,12,10,380.09
2005,12,17,380.09
2005,12,24,380.14
2005,12,31,380.43
2006,1,7,381.28
2006,1,14,381.41
2006,1,21,381.57
2006,1,28,381.47
2006,2,4,382.04
2006,2,25,381.86
2006,3,4,382.39
2006,3,11,382.55
2006,3,18,382.74
2006,3,25,382.55
2006,4,1,382.97
2006,4,8,384.65
2006,4,15,384.67
2006,4,22,384.71
2006,4,29,384.62
2006,5,6,384.91
2006,5,13,384.87
2006,5,20,385.34
2006,5,27,384.3
2006,6,3,384.29
2006,6,10,384.31
2006,6,17,384.07
2006,6,24,383.55
2006,7,1,383
2006,7,8,382.78
2006,7,15,381.28
2006,7,22,381.81
2006,7,29,381.55
2006,8,5,381.22
2006,8,12,380.63
2006,8,19,380.2
2006,8,26,379.77
2006,9,2,379.52
2006,9,9,378.66
2006,9,16,378.8
2006,9,23,378.49
2006,9,30,379
2006,10,7,378.78
2006,10,14,379.14
2006,10,21,379.22
2006,10,28,379.57
2006,11,4,379.67
2006,11,11,379.81
2006,11,18,379.98
2006,11,25,381.42
2006,12,2,381.31
2006,12,9,381.6
2006,12,16,381.81
2006,12,23,381.96
2006,12,30,381.76
2007,1,6,382.64
2007,1,13,382.36
2007,1,20,381.84
2007,2,3,383.09
2007,2,10,383.6
2007,2,17,384.22
2007,2,24,383.76
2007,3,3,383.71
2007,3,10,383.64
2007,3,17,384.28
2007,3,24,384.96
2007,3,31,385.93
2007,4,7,385.46
2007,4,14,386.3
2007,4,21,387
2007,4,28,386.42
2007,5,5,385.85
2007,5,12,386.54
2007,5,19,386.03
2007,5,26,386.93
2007,6,2,386.6
2007,6,9,386.23
2007,6,16,386.29
2007,6,23,384.95
2007,6,30,384.85
2007,7,7,384.92
2007,7,14,384.75
2007,7,21,383.97
2007,7,28,383.41
2007,8,4,382.51
2007,8,11,381.72
2007,8,18,381.6
2007,8,25,381.67
2007,9,1,381.69
2007,9,8,380.74
2007,9,15,380.75
2007,9,22,380.94
2007,9,29,380.8
2007,10,6,380.68
2007,10,13,380.68
2007,10,20,381.1
2007,10,27,381.36
2007,11,3,381.76
2007,11,10,381.92
2007,11,17,382.43
2007,11,24,382.91
2007,12,1,382.9
2007,12,8,383.31
2007,12,15,383.79
2007,12,22,383.9
2007,12,29,384.04
2008,1,5,384.36
2008,1,12,384.41
2008,1,19,385.47
2008,1,26,386.06
2008,2,2,386.19
2008,2,9,385.72
2008,2,16,385.58
2008,2,23,385.24
2008,3,1,384.88
2008,3,8,385.88
2008,3,15,385.64
2008,3,22,386.17
2008,3,29,386.7
2008,4,5,388
2008,4,12,385.9
2008,4,19,386.38
2008,4,26,387.19
2008,5,3,386.94
2008,5,10,388.9
2008,5,17,388.84
2008,5,24,388.53
2008,5,31,388.48
2008,6,7,388.16
2008,6,14,387.79
2008,6,21,387.54
2008,6,28,388.11
2008,7,5,387.08
2008,7,12,386.11
2008,7,19,385.73
2008,7,26,385.96
2008,8,2,384.91
2008,8,9,384.68
2008,8,16,383.89
2008,8,23,383.55
2008,8,30,383.16
2008,9,6,383.18
2008,9,13,383.37
2008,9,20,382.98
2008,9,27,382.92
2008,10,4,382.66
2008,10,11,382.72
2008,10,18,382.96
2008,10,25,382.94
2008,11,1,383.61
2008,11,8,383.6
2008,11,15,384.03
2008,11,22,384.32
2008,11,29,384.46
2008,12,6,384.77
2008,12,13,384.89
2008,12,20,385.15
2008,12,27,385.8
2009,1,3,386.01
2009,1,10,386.53
2009,1,17,386.64
2009,1,24,387.05
2009,1,31,387.26
2009,2,7,386.51
2009,2,14,387.44
2009,2,21,387.4
2009,2,28,387.48
2009,3,7,388.54
2009,3,14,388.64
2009,3,21,388.44
2009,3,28,389.17
2009,4,4,389.39
2009,4,11,389.74
2009,4,18,388.67
2009,4,25,390.37
2009,5,2,390.16
2009,5,9,389.87
2009,5,16,390.3
2009,5,23,390.76
2009,5,30,389.35
2009,6,6,390.46
2009,6,13,390.01
2009,6,20,388.88
2009,6,27,388.72
2009,7,4,388.3
2009,7,11,388.68
2009,7,18,388.03
2009,7,25,387.48
2009,8,1,387.16
2009,8,8,386.67
2009,8,15,385.27
2009,8,22,386.05
2009,8,29,385.65
2009,9,5,385.3
2009,9,12,384.48
2009,9,19,384.61
2009,9,26,384.51
2009,10,3,383.43
2009,10,10,384.28
2009,10,17,384.55
2009,10,24,384.79
2009,10,31,385.18
2009,11,7,385.6
2009,11,14,386.09
2009,11,21,386.31
2009,11,28,386.73
2009,12,5,386.91
2009,12,12,386.81
2009,12,19,388.04
2009,12,26,388.19
2010,1,2,388.41
2010,1,9,388.17
2010,1,16,388.69
2010,1,23,388.59
2010,1,30,389.04
2010,2,6,390.91
2010,2,13,389.78
2010,2,20,390.84
2010,2,27,389.38
2010,3,6,391.07
2010,3,13,391.37
2010,3,20,391.55
2010,3,27,390.08
2010,4,3,391.15
2010,4,10,391.6
2010,4,17,393.27
2010,4,24,393.27
2010,5,1,392.99
2010,5,8,392.97
2010,5,15,393.13
2010,5,22,393.55
2010,5,29,393.02
2010,6,5,393.08
2010,6,12,392.35
2010,6,19,391.73
2010,6,26,391.46
2010,7,3,391.01
2010,7,10,390.2
2010,7,17,389.91
2010,7,24,390.12
2010,7,31,389.49
2010,8,7,389.06
2010,8,14,388.76
2010,8,21,388.12
2010,8,28,387.42
2010,9,4,386.91
2010,9,11,386.85
2010,9,18,386.97
2010,9,25,386.87
2010,10,2,386.75
2010,10,9,386.98
2010,10,16,387.03
2010,10,23,387.8
2010,10,30,387.78
2010,11,6,387.95
2010,11,13,388.27
2010,11,20,389.11
2010,11,27,389.59
2010,12,4,389.88
2010,12,11,389.75
2010,12,18,389.58
2010,12,25,389.96
2011,1,1,390.5
2011,1,8,391.61
2011,1,15,391.06
2011,1,22,391.25
2011,1,29,392
2011,2,5,391.89
2011,2,12,391.52
2011,2,19,391.82
2011,2,26,392.5
2011,3,5,391.59
2011,3,12,391.94
2011,3,19,392.43
2011,3,26,394.11
2011,4,2,393.4
2011,4,9,392.71
2011,4,16,393.73
2011,4,23,393.22
2011,4,30,393.59
2011,5,7,393.36
2011,5,14,393.84
2011,5,21,395.12
2011,5,28,394.49
2011,6,4,394.08
2011,6,11,393.42
2011,6,18,393.92
2011,6,25,393.37
2011,7,2,393.31
2011,7,9,393.61
2011,7,16,392.64
2011,7,23,391.13
2011,7,30,391.77
2011,8,6,390.76
2011,8,13,390.53
2011,8,20,389.82
2011,8,27,389.41
2011,9,3,389.23
2011,9,10,389.17
2011,9,17,389.15
2011,9,24,388.86
2011,10,1,388.91
2011,10,8,388.74
2011,10,15,388.91
2011,10,22,389.09
2011,10,29,389.45
2011,11,5,389.64
2011,11,12,390.24
2011,11,19,390.44
2011,11,26,390.77
2011,12,3,391.08
2011,12,10,391.7
2011,12,17,392.24
2011,12,24,392.09
2011,12,31,392.26
2012,1,7,392.92
2012,1,14,393.61
2012,1,21,393.04
2012,1,28,393.03
2012,2,4,392.43
2012,2,11,393.45
2012,2,18,393.97
2012,2,25,393.62
2012,3,3,394.17
2012,3,10,393.38
2012,3,17,394.79
2012,3,24,395.15
2012,3,31,394.91
2012,4,7,396.45
2012,4,14,396.38
2012,4,21,396.56
2012,4,28,396.7
2012,5,5,397.08
2012,5,12,397.28
2012,5,19,396.56
2012,5,26,396.28
2012,6,2,396.03
2012,6,9,396.02
2012,6,16,395.86
2012,6,23,395.73
2012,6,30,395.41
2012,7,7,394.86
2012,7,14,394.59
2012,7,21,394.35
2012,7,28,393.6
2012,8,4,393.39
2012,8,11,392.93
2012,8,18,392.31
2012,8,25,391.7
2012,9,1,391.98
2012,9,8,391
2012,9,15,391.03
2012,9,22,391.02
2012,9,29,390.99
2012,10,20,391.29
2012,10,27,391.46
2012,11,3,391.76
2012,11,10,392.77
2012,11,17,393.42
2012,11,24,393.36
2012,12,1,393.61
2012,12,8,394.05
2012,12,15,394.46
2012,12,22,394.83
2012,12,29,394.62
2013,1,5,394.99
2013,1,12,395.57
2013,1,19,396.21
2013,1,26,395.64
2013,2,2,396.39
2013,2,9,396.46
2013,2,16,397.31
2013,2,23,396.88
2013,3,2,397.13
2013,3,9,396.64
2013,3,16,397.25
2013,3,23,397.21
2013,3,30,398.39
2013,4,6,398.05
2013,4,13,397.43
2013,4,20,398.76
2013,4,27,399.33
2013,5,4,399.64
2013,5,11,399.78
2013,5,18,400.04
2013,5,25,400.22
2013,6,1,399.43
2013,6,8,398.91
2013,6,15,398.58
2013,6,22,398.5
2013,6,29,398.65
2013,7,6,397.56
2013,7,13,397.48
2013,7,20,396.83
2013,7,27,396.98
2013,8,3,396.61
2013,8,10,395.55
2013,8,17,395.24
2013,8,24,394.73
2013,8,31,394.33
2013,9,7,393.52
2013,9,14,393.25
2013,9,21,393.53
2013,9,28,393.22
2013,10,5,393.47
2013,10,12,393.52
2013,10,19,393.93
2013,10,26,394.13
2013,11,2,394.39
2013,11,9,395.25
2013,11,16,394.85
2013,11,23,395.66
2013,11,30,396.06
2013,12,7,396.27
2013,12,14,396.52
2013,12,21,397.3
2013,12,28,397.59
2014,1,4,397.9
2014,1,11,397.82
2014,1,18,398.13
2014,1,25,397.75
2014,2,1,398.02
2014,2,8,397.98
2014,2,15,397.79
2014,2,22,398.24
2014,3,1,397.92
2014,3,8,398.88
2014,3,15,400.68
2014,3,22,399.62
2014,3,29,400.34
2014,4,5,401.32
2014,4,12,401.22
2014,4,19,401.29
2014,4,26,401.42
2014,5,3,401.74
2014,5,10,401.51
2014,5,17,402.18
2014,5,24,401.44
2014,5,31,402.12
2014,6,7,401.55
2014,6,14,401.31
2014,6,21,401.21
2014,6,28,400.57
2014,7,5,400.06
2014,7,12,399.58
2014,7,19,398.54
2014,7,26,397.86
2014,8,2,397.86
2014,8,9,397.45
2014,8,16,397.23
2014,8,23,396.75
2014,8,30,396.37
2014,9,6,396.35
2014,9,13,394.8
2014,9,20,395.32
2014,9,27,395.55
2014,10,4,395.57
2014,10,11,395.49
2014,10,18,395.72
2014,10,25,395.91
2014,11,1,396.52
2014,11,8,396.9
2014,11,15,397.34
2014,11,22,397.24
2014,11,29,398.1
2014,12,6,398.26
2014,12,13,398.92
2014,12,20,399.09
2014,12,27,399.01
2015,1,3,399.92
2015,1,10,399.86
2015,1,17,399.72
2015,1,24,399.98
2015,1,31,400.2
2015,2,7,400.02
2015,2,14,400.15
2015,2,21,400.36
2015,2,28,401.03
2015,3,7,401.63
2015,3,14,401.8
2015,3,21,400.79
2015,3,28,402.5
2015,4,4,402.74
2015,4,11,403.88
2015,4,18,403.8
2015,4,25,403.22
2015,5,2,404.07
2015,5,9,404.09
2015,5,16,404.31
2015,5,23,403.85
2015,5,30,403.81
2015,6,6,403.45
2015,6,13,402.72
2015,6,20,402.63
2015,6,27,402.36
2015,7,4,402.25
2015,7,11,401.71
2015,7,18,401.02
2015,7,25,401.3
2015,8,1,398.74
2015,8,8,399.21
2015,8,15,399.12
2015,8,22,399.03
2015,8,29,398.8
2015,9,5,398.16
2015,9,12,397.1
2015,9,19,397.57
2015,9,26,397.42
2015,10,3,397.74
2015,10,10,398.51
2015,10,17,398.61
2015,10,24,398.43
2015,10,31,398.87
2015,11,7,399.53
2015,11,14,400.75
2015,11,21,400.42
2015,11,28,400.83
2015,12,5,400.91
2015,12,12,402.4
2015,12,19,402.32
2015,12,26,402.01
2016,1,2,402.25
2016,1,9,402.23
2016,1,16,402.68
2016,1,23,403.26
2016,1,30,402.79
2016,2,6,404.98
2016,2,13,403.22
2016,2,20,404.59
2016,2,27,403.98
2016,3,5,403.99
2016,3,12,404.51
2016,3,19,405.01
2016,3,26,406.16
2016,4,2,405.7
2016,4,9,408.56
2016,4,16,408.16
2016,4,23,407.7
2016,4,30,407.84
2016,5,7,407.51
2016,5,14,407.54
2016,5,21,407.41
2016,5,28,407.92
2016,6,4,407.52
2016,6,11,406.99
2016,6,18,407.02
2016,6,25,406.4
2016,7,2,405.96
2016,7,9,404.93
2016,7,16,403.64
2016,7,23,403.71
2016,7,30,403.76
2016,8,6,403.22
2016,8,13,402.11
2016,8,20,401.78
2016,8,27,401.43
2016,9,3,401.27
2016,9,10,401.13
2016,9,17,401.25
2016,9,24,400.85
2016,10,1,400.82
2016,10,8,401.2
2016,10,15,401.7
2016,10,22,401.82
2016,10,29,402.38
2016,11,5,403.15
2016,11,12,403.12
2016,11,19,403.95
2016,11,26,404.44
2016,12,3,404.16
2016,12,10,404.28
2016,12,17,404.63
2016,12,24,404.66
2016,12,31,405.38
2017,1,7,405.94
2017,1,14,405.91
2017,1,21,406.37
2017,1,28,406.35
2017,2,4,406.2
2017,2,11,406.02
2017,2,18,406.17
2017,2,25,408.07
2017,3,4,407.06
2017,3,11,406.53
2017,3,18,406.73
2017,3,25,407.89
2017,4,1,408.66
2017,4,8,407.19
2017,4,15,409.12
2017,4,22,409.89
2017,4,29,409.04
2017,5,6,409.54
2017,5,13,409.83
2017,5,20,410.18
2017,5,27,409.88
2017,6,3,409.67
2017,6,10,409.62
2017,6,17,408.82
2017,6,24,408.43
2017,7,1,407.77
2017,7,8,407.68
2017,7,15,407.11
2017,7,22,406.76
2017,7,29,406.5
2017,8,5,405.93
2017,8,12,405.55
2017,8,19,404.81
2017,8,26,404.54
2017,9,2,404.1
2017,9,9,403.39
2017,9,16,403.44
2017,9,23,402.95
2017,9,30,402.73
2017,10,7,403.19
2017,10,14,403.6
2017,10,21,404.05
2017,10,28,404.25
2017,11,4,404.28
2017,11,11,404.51
2017,11,18,405.53
2017,11,25,406.36
2017,12,2,406.85
2017,12,9,406.16
2017,12,16,406.5
2017,12,23,407.07
2017,12,30,407.24
2018,1,6,407.96
2018,1,13,408.08
2018,1,20,408.26
2018,1,27,408.05
